TimeStamp,CPU_Freq,Battery_temp,GPU_Load,Time_Diff,Session_ID,Seconds_Run,Temp_Smooth,Temp_Velocity,Stress_Score
,,,,,,,30.0,0.47690395579767075,1.0
1900-01-01 09:08:52,633.6,32.9,0.0,2.0,0.0,196.0,32.9,0.0,0.2112
1900-01-01 12:32:23,633.6,34.9,1.99,3.0,2.0,12407.0,34.9,0.0,0.2319999999999999
1900-01-01 12:34:18,633.6,33.9,1.99,3.0,2.0,12522.0,33.9,0.0,0.2316
,,,,,,,30.0,0.468568328199104,1.0
,,,,,,,30.0,0.5235984809341341,1.0
1900-01-01 12:33:12,633.6,34.9,2.02,3.0,2.0,12456.0,34.9,0.0,0.2314
1900-01-01 09:06:15,633.6,39.5,0.0,2.0,0.0,39.0,39.5,-0.1000000000000014,0.2112
1900-01-01 12:26:49,633.6,35.9,18.84,3.0,2.0,12073.0,35.9,0.0,0.3648
,,,,,,,32.0,-0.1798776052543699,0.0
1900-01-01 09:06:34,633.6,37.9,0.0,3.0,0.0,58.0,38.56666666666666,-0.3333333333333357,0.2112
1900-01-01 12:28:42,1651.2,35.1,68.47,2.0,2.0,12186.0,35.1,0.0,1.2381
1900-01-01 12:33:07,633.6,34.9,1.99,3.0,2.0,12451.0,34.9,0.0,0.2339999999999999
,,,,,,,43.0,-0.7556511915902925,0.0
,,,,,,,38.0,-0.4873923278343662,0.0
,,,,,2.0,,33.9,0.0,0.2314999999999999
,,,,,,,49.0,-1.0521831496361402,0.0
,,,,,,,32.0,-0.19530398530601692,0.0
,,,,,,,44.0,-0.7995678418069726,0.0
,,,,,,,41.0,-0.6439632313318203,0.0
1900-01-01 12:28:35,1766.4,35.1,28.85,3.0,2.0,12179.0,35.1,0.0,0.5972999999999999
,,,,,,,38.0,-0.5056005517425716,0.0
,,,,,,,38.0,-0.5000685409022821,0.0
1900-01-01 09:09:11,633.6,32.5,0.0,2.0,0.0,215.0,32.5,-0.1333333333333328,0.2112
1900-01-01 09:08:20,633.6,33.9,0.0,2.0,0.0,164.0,33.9,0.0,0.2112
,,,,,,,44.0,-0.7951386350730444,0.0
,,,,,,,33.0,-0.25729044035158183,0.0
,,,,,,,47.0,-0.9578963969602831,0.0
1900-01-01 12:32:33,633.6,34.9,2.01,3.0,2.0,12417.0,34.9,0.0,0.2313
1900-01-01 09:08:29,633.6,33.9,0.0,2.0,0.0,173.0,33.9,0.0,0.2112
1900-01-01 12:30:14,2304.0,35.5,6.36,2.0,2.0,12278.0,35.36666666666667,0.1333333333333257,1.2149
,,,,,,,45.0,-0.853754529816946,0.0
,,,,,,,30.0,0.5557944273751705,1.0
,,,,,,,40.0,-0.6025345027758593,0.0
,,,,,,,37.0,-0.46478109378715377,0.0
1900-01-01 12:32:48,633.6,34.9,2.12,2.0,2.0,12432.0,34.9,0.0,0.2309
1900-01-01 12:33:33,633.6,34.9,2.09,3.0,2.0,12477.0,34.9,0.0,0.2314999999999999
,,,,,,,44.0,-0.7862491792678592,0.0
1900-01-01 09:05:59,633.6,40.9,0.0,3.0,0.0,23.0,40.9,0.0,0.2112
1900-01-01 12:23:15,3014.4,33.4,4.06,3.0,1.0,11859.0,33.4,0.0,1.0446000000000002
1900-01-01 09:06:08,633.6,39.8,0.0,2.0,0.0,32.0,40.2,-0.3666666666666671,0.2112
,,,,,,,30.0,0.48983932289537346,1.0
1900-01-01 12:30:37,633.6,35.6,2.13,3.0,2.0,12301.0,35.6,0.0,0.2314
1900-01-01 12:27:03,633.6,35.9,35.52,3.0,2.0,12087.0,35.9,0.0,0.5726
,,,,,,,35.0,-0.33472115292282933,0.0
,,,,,,,36.0,-0.4022618060070429,0.0
,,,,,,,31.0,-0.14191689754467005,0.0
,,,,,,,36.0,-0.4072615546404145,0.0
,,,,,,,38.0,-0.49777911033528194,0.0
,,,,,,,30.0,0.46408448320376233,1.0
,,,,,,,43.0,-0.7449349762871653,0.0
,,,,,,,41.0,-0.6416760707513567,0.0
,,,,,,,36.0,-0.4021780997339317,0.0
,,,,,,,37.0,-0.4362257543888418,0.0
,,,,,,,47.0,-0.9535297570020694,0.0
,,,,,,,40.0,-0.5998917988153322,0.0
,,,,,,,32.0,-0.20316345255798854,0.0
1900-01-01 09:07:50,633.6,34.9,0.0,2.0,0.0,134.0,34.9,0.0,0.2112
,,,,,,,42.0,-0.7079133626783238,0.0
1900-01-01 12:30:46,633.6,35.6,2.0,3.0,2.0,12310.0,35.6,0.0,0.2312
,,,,,,,39.0,-0.5326069844063633,0.0
,,,,,,,48.0,-1.0009062612606896,0.0
,,,,,,,32.0,-0.2029740784118118,0.0
,,,,,,,45.0,-0.8298132962212869,0.0
,,,,,,,49.0,-1.0637751820244463,0.0
1900-01-01 12:30:05,3014.4,35.1,7.95,3.0,2.0,12269.0,35.1,0.0,0.9751
,,,,,,,46.0,-0.8935410479216856,0.0
1900-01-01 09:06:03,633.6,40.9,0.0,2.0,0.0,27.0,40.9,0.0,0.2112
,,,,,,,40.0,-0.5898988477303724,0.0
1900-01-01 12:31:22,633.6,35.6,2.02,3.0,2.0,12346.0,35.6,0.0,0.2314999999999999
1900-01-01 12:30:10,2918.4,35.1,10.33,3.0,2.0,12274.0,35.1,0.0,0.8722
1900-01-01 12:30:19,633.6,35.5,2.02,2.0,2.0,12283.0,35.5,0.0,0.2265
1900-01-01 12:23:36,3014.4,34.0,4.02,3.0,1.0,11880.0,33.800000000000004,0.2000000000000099,1.0443000000000002
,,,,,,,47.0,-0.9393427714224584,0.0
,,,,,,,34.0,-0.3040408070783948,0.0
1900-01-01 12:31:01,633.6,35.6,2.03,2.0,2.0,12325.0,35.6,0.0,0.2308
,,,,,,,30.0,-0.1094703124186418,0.0
,,,,,,,46.0,-0.891866480979155,0.0
,,,,,,,30.0,0.5141252705095003,1.0
1900-01-01 09:08:22,633.6,33.9,0.0,2.0,0.0,166.0,33.9,0.0,0.2112
,,,,,,,33.0,-0.23707827243790092,0.0
,,,,,,,43.0,-0.7580813392915176,0.0
,,,,,,,43.0,-0.765538481347581,0.0
,,,,,,,45.0,-0.8495486737079607,0.0
,,,,,,,41.0,-0.6399412099048986,0.0
1900-01-01 09:06:41,633.6,37.9,0.0,3.0,0.0,65.0,37.9,0.0,0.2112
1900-01-01 12:23:00,2668.8,33.4,43.4,2.0,1.0,11844.0,33.4,0.0,1.5037
1900-01-01 12:29:42,1766.4,35.1,44.94,3.0,2.0,12246.0,35.1,0.0,0.8564
1900-01-01 12:31:04,633.6,35.6,2.29,3.0,2.0,12328.0,35.6,0.0,0.2314999999999999
,,,,,,,40.0,-0.6011868088109487,0.0
,,,,,,,42.0,-0.6931555150538052,0.0
1900-01-01 12:33:09,633.6,34.9,2.02,2.0,2.0,12453.0,34.9,0.0,0.2311
,,,,,,,34.0,-0.30935961878805673,0.0
1900-01-01 12:23:55,3014.4,34.0,4.12,2.0,1.0,11899.0,34.0,0.0,1.0455
,,,,,,,45.0,-0.8497760501869056,0.0
1900-01-01 12:26:43,633.6,35.9,18.97,2.0,2.0,12067.0,35.9,0.0,0.4097
,,,,,,,39.0,-0.5561496220751049,0.0
,,,,,,,42.0,-0.6968327556563173,0.0
,,,,,,,30.0,0.5292169603278611,1.0
1900-01-01 12:24:20,0.0,0.0,0.0,2.0,1.0,11924.0,0.0,0.0,0.0
,,,,,,,30.0,0.49718674547568786,1.0
,,,,,,,41.0,-0.6540295494983002,0.0
,,,,,,,37.0,-0.4429064717769736,0.0
,,,,,,,30.0,0.4596126192771293,1.0
1900-01-01 12:27:42,2803.2,34.9,10.12,3.0,2.0,12126.0,34.9,0.0,0.9164
,,,,,,,34.0,-0.3080652086087762,0.0
,,,,,,,30.0,0.5212725295214472,1.0
1900-01-01 12:29:55,1766.4,35.1,33.22,2.0,2.0,12259.0,35.1,0.0,1.0963
,,,,,,,49.0,-1.04054731448095,0.0
,,,,,,,49.0,-1.0752313746263868,0.0
1900-01-01 12:29:04,960.0,35.1,29.8,3.0,2.0,12208.0,35.1,0.0,0.8736999999999999
,,,,,,,30.0,0.47649320583682064,1.0
,,,,,,,42.0,-0.7098335366930697,0.0
1900-01-01 09:07:34,633.6,35.9,0.0,2.0,0.0,118.0,35.9,0.0,0.2112
,,,,,,,30.0,0.5132314616848561,1.0
,,,,,,,49.0,-1.033181814381706,0.0
,,,,,,,30.0,-0.10889478287829395,0.0
,,,,,,,30.0,0.4837419639182991,1.0
,,,,,,,45.0,-0.8659828511626196,0.0
1900-01-01 12:34:28,633.6,33.9,2.14,2.0,2.0,12532.0,33.9,0.0,0.2316
1900-01-01 12:27:50,633.6,35.0,0.0,3.0,2.0,12134.0,34.93333333333333,0.0333333333333314,0.563
1900-01-01 12:27:11,633.6,34.9,28.7,3.0,2.0,12095.0,35.23333333333333,-0.3333333333333357,0.9761
1900-01-01 09:06:45,633.6,37.9,0.0,2.0,0.0,69.0,37.9,0.0,0.2112
,,,,,,,48.0,-1.013090504241441,0.0
1900-01-01 12:30:34,633.6,35.6,2.02,2.0,2.0,12298.0,35.6,0.0,0.2311
,,,,,,,44.0,-0.806105846202759,0.0
1900-01-01 12:30:07,1900.8,35.1,23.86,2.0,2.0,12271.0,35.1,0.0,1.0843
1900-01-01 09:08:31,633.6,33.9,0.0,2.0,0.0,175.0,33.9,0.0,0.2112
1900-01-01 09:07:18,633.6,35.9,0.0,3.0,0.0,102.0,36.03333333333333,-0.1333333333333328,0.2112
,,,,,,,35.0,-0.3514941184703686,0.0
,,,,,,,30.0,0.48683936708434644,1.0
1900-01-01 09:06:38,633.6,37.9,0.0,2.0,0.0,62.0,37.9,-0.3333333333333286,0.2112
1900-01-01 12:27:37,633.6,34.9,2.47,3.0,2.0,12121.0,34.9,0.0,0.9344
1900-01-01 09:06:13,633.6,39.5,0.0,3.0,0.0,37.0,39.6,-0.1333333333333257,0.2112
1900-01-01 12:28:40,1651.2,35.1,68.77,3.0,2.0,12184.0,35.1,0.0,1.2261
,,,,,,,49.0,-1.0553029436704457,0.0
,,,,,,,33.0,-0.24030006202254597,0.0
,,,,,,,31.0,-0.13604422136682276,0.0
,,,,,,,43.0,-0.7548688178227012,0.0
1900-01-01 09:07:20,633.6,35.9,0.0,2.0,0.0,104.0,35.9,-0.1333333333333328,0.2112
,,,,,,,43.0,-0.737563754750643,0.0
1900-01-01 12:31:42,633.6,35.6,2.04,3.0,2.0,12366.0,35.6,0.0,0.2313
,,,,,,,42.0,-0.7045551520860861,0.0
1900-01-01 09:08:57,633.6,32.9,0.0,2.0,0.0,201.0,32.9,0.0,0.2112
1900-01-01 12:31:11,633.6,35.6,2.07,2.0,2.0,12335.0,35.6,0.0,0.2316
1900-01-01 09:06:10,633.6,39.5,0.0,2.0,0.0,34.0,39.73333333333333,-0.4666666666666685,0.2112
1900-01-01 09:07:02,633.6,36.9,0.0,3.0,0.0,86.0,36.9,0.0,0.2112
1900-01-01 12:27:08,1900.8,34.9,34.25,2.0,2.0,12092.0,35.56666666666666,-0.3333333333333357,0.5665
1900-01-01 12:32:28,633.6,34.9,2.09,3.0,2.0,12412.0,34.9,0.0,0.2314
,,,,,,,30.0,0.5126457859985741,1.0
,,,,,,,41.0,-0.6437447142510557,0.0
1900-01-01 12:25:55,960.0,35.9,19.47,3.0,2.0,12019.0,35.9,0.0,1.133
,,,,,,,48.0,-0.9987080117858024,0.0
,,,,,,,31.0,-0.14297951532515793,0.0
1900-01-01 09:05:47,633.6,41.2,0.0,2.0,0.0,11.0,41.2,0.0,0.2112
,,,,,,,34.0,-0.27958484243357873,0.0
,,,,,,,48.0,-0.9917830713178065,0.0
,,,,,,,34.0,-0.3027478166255001,0.0
,,,,,,,30.0,-0.10109014224342418,0.0
,,,,,,,42.0,-0.6974870668319723,0.0
,,,,,,,48.0,-1.0064962138774927,0.0
1900-01-01 12:32:38,633.6,34.9,2.02,3.0,2.0,12422.0,34.9,0.0,0.2316
1900-01-01 12:31:06,633.6,35.6,2.01,2.0,2.0,12330.0,35.6,0.0,0.2341
,,,,,,,30.0,0.533228579530639,1.0
,,,,,,,41.0,-0.6487897172084692,0.0
1900-01-01 12:24:07,3014.4,35.1,4.19,2.0,1.0,11911.0,34.73333333333333,0.36666666666666,1.0616
1900-01-01 09:06:01,633.6,40.9,0.0,2.0,0.0,25.0,40.9,0.0,0.2112
,,,,,,,35.0,-0.3508155726001621,0.0
,,,,,,,35.0,-0.3592081386242878,0.0
1900-01-01 09:08:41,633.6,33.9,0.0,3.0,0.0,185.0,33.9,0.0,0.2112
,,,,,,,42.0,-0.7000936269795827,0.0
,,,,,,,39.0,-0.5556548260865612,0.0
,,,,,,,40.0,-0.5889555932696074,0.0
1900-01-01 09:08:34,633.6,33.9,0.0,3.0,0.0,178.0,33.9,0.0,0.2112
,,,,,,,37.0,-0.4395248750599157,0.0
,,,,,,,41.0,-0.6426017896587068,0.0
,,,,,,,42.0,-0.6995037782342296,0.0
,,,,,,,30.0,0.542463830666379,1.0
1900-01-01 12:23:03,3014.4,33.4,6.54,3.0,1.0,11847.0,33.4,0.0,1.3236
1900-01-01 12:29:50,1651.2,35.1,33.04,3.0,2.0,12254.0,35.1,0.0,0.9147
,,,,,,,30.0,0.5021291579921342,1.0
,,,,,,,35.0,-0.335982135065596,0.0
,,,,,,,35.0,-0.3626526332118312,0.0
1900-01-01 12:27:55,960.0,35.0,56.13,3.0,2.0,12139.0,35.0,0.0333333333333314,0.32
1900-01-01 12:28:05,2918.4,35.1,11.81,3.0,2.0,12149.0,35.1,0.0333333333333385,1.2078
1900-01-01 09:07:25,633.6,35.9,0.0,3.0,0.0,109.0,35.9,0.0,0.2112
,,,,,,,36.0,-0.40392043089940205,0.0
1900-01-01 12:22:56,633.6,33.4,7.13,3.0,1.0,11840.0,33.4,0.0,0.7722
,,,,,,,37.0,-0.441805416138379,0.0
,,,,,,,49.0,-1.0496839977336359,0.0
,,,,,,,30.0,0.4762397286837027,1.0
1900-01-01 12:33:48,633.6,34.9,2.08,2.0,2.0,12492.0,34.9,0.0,0.2314999999999999
1900-01-01 09:07:22,633.6,35.9,0.0,2.0,0.0,106.0,35.9,0.0,0.2112
,,,,,,,46.0,-0.8983899170057776,0.0
,,,,,,,33.0,-0.25136840817886597,0.0
,,,,,,,31.0,-0.1561301135116719,0.0
,,,,,,,30.0,0.501557055807115,1.0
1900-01-01 09:08:48,633.6,32.9,0.0,3.0,0.0,192.0,33.23333333333333,-0.3333333333333357,0.2112
1900-01-01 09:08:36,633.6,33.9,0.0,2.0,0.0,180.0,33.9,0.0,0.2112
1900-01-01 12:23:07,3014.4,33.4,4.1,2.0,1.0,11851.0,33.4,0.0,1.0443000000000002
,,,,,,,41.0,-0.6689366406664673,0.0
,,,,,,,38.0,-0.5000807248675104,0.0
,,,,,,,38.0,-0.4933483059318517,0.0
1900-01-01 12:25:38,2918.4,35.9,25.43,3.0,2.0,12002.0,35.9,0.0,1.0947
1900-01-01 12:33:20,633.6,34.9,2.05,3.0,2.0,12464.0,34.9,0.0,0.2317
1900-01-01 12:29:57,3014.4,35.1,6.47,2.0,2.0,12261.0,35.1,0.0,0.921
,,,,,,,35.0,-0.3364753634289749,0.0
,,,,,,,45.0,-0.8362152504136908,0.0
,,,,,,,30.0,0.5036588583734029,1.0
1900-01-01 09:09:02,633.6,32.9,0.0,3.0,0.0,206.0,32.9,0.0,0.2112
,,,,,,,44.0,-0.800682743846371,0.0
,,,,,,,32.0,-0.19810818123872814,0.0
1900-01-01 12:30:51,633.6,35.6,2.09,2.0,2.0,12315.0,35.6,0.0,0.2316
1900-01-01 09:06:59,633.6,36.9,0.0,2.0,0.0,83.0,36.9,0.0,0.2112
,,,,,,,46.0,-0.8893557418726389,0.0
1900-01-01 12:26:46,633.6,35.9,15.36,3.0,2.0,12070.0,35.9,0.0,0.4009
,,,,,,,30.0,0.4906381071168003,1.0
,,,,,,,48.0,-1.0128707888092816,0.0
,,,,,,,30.0,0.5306492052346087,1.0
1900-01-01 09:07:45,633.6,34.9,0.0,2.0,0.0,129.0,34.9,-0.3333333333333286,0.2112
,,,,,,,30.0,0.497225108583264,1.0
,,,,,,,42.0,-0.7029746996945462,0.0
1900-01-01 12:30:00,3014.4,35.1,4.0,3.0,2.0,12264.0,35.1,0.0,1.0695
1900-01-01 12:23:29,3014.4,33.4,4.52,3.0,1.0,11873.0,33.4,0.0,1.0446000000000002
,,,,,,,34.0,-0.29499921606292095,0.0
,,,,,,,43.0,-0.7506837214473122,0.0
1900-01-01 12:33:22,633.6,34.9,2.05,2.0,2.0,12466.0,34.9,0.0,0.2317
1900-01-01 09:07:32,633.6,35.9,0.0,3.0,0.0,116.0,35.9,0.0,0.2112
,,,,,,,30.0,0.5113398881221416,1.0
,,,,,,,44.0,-0.7914331735389853,0.0
,,,,,,,48.0,-1.006610602794574,0.0
1900-01-01 12:26:52,2457.6,35.9,17.17,3.0,2.0,12076.0,35.9,0.0,0.3996
1900-01-01 12:28:47,1651.2,35.1,23.32,2.0,2.0,12191.0,35.1,0.0,1.1078
,,,,,,,43.0,-0.7443153064364678,0.0
1900-01-01 12:28:53,1651.2,35.1,20.95,3.0,2.0,12197.0,35.1,0.0,0.7879
1900-01-01 12:30:54,633.6,35.6,2.03,3.0,2.0,12318.0,35.6,0.0,0.2321
1900-01-01 09:06:52,633.6,36.9,0.0,2.0,0.0,76.0,37.56666666666666,-0.3333333333333357,0.2112
,,,,,,,46.0,-0.9130381250147266,0.0
,,,,,,,43.0,-0.7407894039502257,0.0
,,,,,,,42.0,-0.710378854050334,0.0
1900-01-01 12:30:22,633.6,35.6,2.03,3.0,2.0,12286.0,35.53333333333334,0.0333333333333385,0.2314
1900-01-01 12:26:13,633.6,35.9,19.31,2.0,2.0,12037.0,35.9,0.0,0.3664
,,,,,,,30.0,0.5044682542146687,1.0
1900-01-01 12:34:31,633.6,33.9,2.03,3.0,2.0,12535.0,33.9,0.0,0.2326
,,,,,,,40.0,-0.5863451970568236,0.0
,,,,,,,41.0,-0.6447956576523811,0.0
,,,,,,,42.0,-0.6991232849160073,0.0
1900-01-01 12:26:24,633.6,35.9,18.98,3.0,2.0,12048.0,35.9,0.0,0.3972
1900-01-01 12:31:47,633.6,35.6,2.04,3.0,2.0,12371.0,35.6,0.0,0.2311
1900-01-01 12:29:12,1651.2,35.1,35.92,3.0,2.0,12216.0,35.1,0.0,0.6645000000000001
1900-01-01 12:28:08,2803.2,35.1,0.0,3.0,2.0,12152.0,35.1,0.0,1.0909
1900-01-01 12:32:56,633.6,34.9,2.1,2.0,2.0,12440.0,34.9,0.0,0.2314
,,,,,,,30.0,0.5064502140200243,1.0
,,,,,,,36.0,-0.40313925309153525,0.0
1900-01-01 12:25:52,2803.2,35.9,19.86,3.0,2.0,12016.0,35.9,0.0,1.1267999999999998
,,,,,,,30.0,-0.10058983303577344,0.0
,,,,,,,36.0,-0.42291723661108654,0.0
,,,,,,,30.0,0.4869976829435784,1.0
,,,,,,,35.0,-0.3691560723753704,0.0
,,,,,,,48.0,-0.9936139138369184,0.0
,,,,,,,30.0,0.4792748503652967,1.0
,,,,,,,43.0,-0.7456496019056795,0.0
,,,,,,,32.0,-0.2039219725676441,0.0
1900-01-01 09:07:29,633.6,35.9,0.0,2.0,0.0,113.0,35.9,0.0,0.2112
,,,,,,,30.0,0.5079678624656504,1.0
,,,,,,,48.0,-0.9843072942287767,0.0
,,,,,,,43.0,-0.7513356647032581,0.0
1900-01-01 12:28:21,1766.4,35.1,0.0,3.0,2.0,12165.0,35.1,0.0,0.6335999999999999
,,,,,,,30.0,0.5019501372507422,1.0
,,,,,,,46.0,-0.8999150630030762,0.0
1900-01-01 12:28:16,2150.4,35.1,3.66,3.0,2.0,12160.0,35.1,0.0,0.32
,,,,,,,37.0,-0.4323611293369145,0.0
,,,,,,,38.0,-0.4795530568250017,0.0
,,,,,,,31.0,-0.14965084659539973,0.0
,,,,,,,39.0,-0.5475289464775284,0.0
,,,,,,,30.0,0.49394783072593046,1.0
,,,,,,,30.0,0.49862059042355006,1.0
1900-01-01 09:08:38,633.6,33.9,0.0,2.0,0.0,182.0,33.9,0.0,0.2112
1900-01-01 12:33:28,633.6,34.9,2.02,3.0,2.0,12472.0,34.9,0.0,0.2307
,,,,,,,47.0,-0.9627212784499206,0.0
,,,,,,,30.0,0.5303334542935861,1.0
,,,,,,,30.0,0.48440341030288875,1.0
,,,,,,,30.0,-0.09748437063143003,0.0
1900-01-01 09:07:43,633.6,34.9,0.0,2.0,0.0,127.0,35.23333333333333,-0.3333333333333357,0.2112
,,,,,,,30.0,0.5113815386128608,1.0
,,,,,,,31.0,-0.13849981812550313,0.0
,,,,,,,34.0,-0.2982303483322785,0.0
,,,,,,,31.0,-0.14839215916052703,0.0
,,,,,,,34.0,-0.28616258508770903,0.0
1900-01-01 09:06:29,633.6,38.9,0.0,2.0,0.0,53.0,38.9,0.0,0.2112
1900-01-01 09:09:41,633.6,31.9,0.0,2.0,0.0,245.0,31.9,0.0,0.2112
1900-01-01 12:24:05,3014.4,35.1,5.68,3.0,1.0,11909.0,34.36666666666667,0.3666666666666671,1.0454
1900-01-01 12:29:07,1651.2,35.1,32.26,3.0,2.0,12211.0,35.1,0.0,0.618
1900-01-01 12:34:26,633.6,33.9,2.04,3.0,2.0,12530.0,33.9,0.0,0.2322
,,,,,,,30.0,0.47526138291020276,1.0
1900-01-01 12:33:35,633.6,34.9,2.02,2.0,2.0,12479.0,34.9,0.0,0.2321
1900-01-01 12:31:57,633.6,34.9,2.11,3.0,2.0,12381.0,35.13333333333333,-0.2333333333333342,0.2312
,,,,,,,37.0,-0.46155688369760656,0.0
,,,,,,,39.0,-0.551802998054276,0.0
,,,,,,,43.0,-0.7400768888869291,0.0
1900-01-01 12:24:00,3014.4,34.0,4.05,3.0,1.0,11904.0,34.0,0.0,1.0503000000000002
,,,,,,,48.0,-0.9758680567728099,0.0
,,,,,,,35.0,-0.33213192154355525,0.0
,,,,,,,32.0,-0.1936155760081236,0.0
1900-01-01 12:23:17,3014.4,33.4,3.9,2.0,1.0,11861.0,33.4,0.0,1.0454
,,,,,,,38.0,-0.4995533420680943,0.0
,,,,,,,36.0,-0.40218306540588367,0.0
,,,,,,,49.0,-1.0693727351834788,0.0
,,,,,,,32.0,-0.2080486623799749,0.0
,,,,,,,41.0,-0.672788532779448,0.0
,,,,,,,35.0,-0.34284927210920113,0.0
,,,,,,,41.0,-0.6362271540867352,0.0
,,,,,,,35.0,-0.35821135614858224,0.0
1900-01-01 12:27:17,2457.6,34.9,32.64,3.0,2.0,12101.0,34.9,0.0,0.5194000000000001
,,,,,,,30.0,-0.08021756508165581,0.0
,,,,,,,36.0,-0.3983015497360086,0.0
,,,,,,,32.0,-0.21114078181863105,0.0
,,,,,,,49.0,-1.040022364492762,0.0
1900-01-01 09:09:27,633.6,31.9,0.0,2.0,0.0,231.0,32.1,-0.2000000000000028,0.2112
,,,,,,,44.0,-0.8025735220866415,0.0
,,,,,,,30.0,0.5050287049103427,1.0
,,,,,,,30.0,0.5137378628283962,1.0
,,,,,,,33.0,-0.2534506525977118,0.0
1900-01-01 09:06:17,633.6,39.5,0.0,2.0,0.0,41.0,39.5,0.0,0.2112
1900-01-01 09:07:48,633.6,34.9,0.0,3.0,0.0,132.0,34.9,0.0,0.2112
,,,,,,,30.0,0.5038047264660068,1.0
1900-01-01 12:30:12,2150.4,35.5,49.81,2.0,2.0,12276.0,35.23333333333334,0.1333333333333399,1.0761
1900-01-01 12:30:43,633.6,35.6,2.0,3.0,2.0,12307.0,35.6,0.0,0.2322
,,,,,,,45.0,-0.8415117848193878,0.0
,,,,,,,47.0,-0.9559943168915076,0.0
,,,,,,,38.0,-0.4762999237698413,0.0
1900-01-01 09:08:18,633.6,33.9,0.0,3.0,0.0,162.0,33.9,0.0,0.2112
,,,,,,,34.0,-0.287581806202874,0.0
,,,,,,,44.0,-0.8174338275334943,0.0
,,,,,,,33.0,-0.24748411042132248,0.0
,,,,,,,41.0,-0.6673676979612473,0.0
1900-01-01 12:30:29,633.6,35.6,2.03,2.0,2.0,12293.0,35.6,0.0,0.2376
1900-01-01 12:32:15,633.6,34.9,2.02,3.0,2.0,12399.0,34.9,0.0,0.2316
,,,,,,,40.0,-0.604107217450603,0.0
,,,,,,,30.0,0.4917486518292051,1.0
,,,,,,,37.0,-0.46861365973544467,0.0
,,,,,,,36.0,-0.386377962498405,0.0
,,,,,,,36.0,-0.41415094556251636,0.0
1900-01-01 12:30:24,633.6,35.6,2.07,2.0,2.0,12288.0,35.56666666666666,0.0333333333333243,0.2314999999999999
,,,,,,,35.0,-0.3231684531550996,0.0
,,,,,,,37.0,-0.4589529376870324,0.0
,,,,,,,36.0,-0.4061452104466835,0.0
1900-01-01 09:06:50,633.6,37.9,0.0,2.0,0.0,74.0,37.9,0.0,0.2112
1900-01-01 12:26:32,633.6,35.9,18.88,2.0,2.0,12056.0,35.9,0.0,0.4501
,,,,,,,30.0,0.5030925806476738,1.0
,,,,,,,30.0,0.4975631066808475,1.0
1900-01-01 09:05:52,633.6,40.9,0.0,3.0,0.0,16.0,41.0,-0.1000000000000014,0.2112
,,,,,,,31.0,-0.13719888656451779,0.0
,,,,,,,44.0,-0.7979080821731372,0.0
,,,,,,,45.0,-0.8592401856082285,0.0
,,,,,,,30.0,0.48834391129939037,1.0
1900-01-01 12:32:30,633.6,34.9,2.01,2.0,2.0,12414.0,34.9,0.0,0.2321
,,,,,,,41.0,-0.6627797257805753,0.0
,,,,,,,30.0,0.5276162481090579,1.0
1900-01-01 12:32:20,633.6,34.9,2.08,3.0,2.0,12404.0,34.9,0.0,0.2317
,,,,,,,41.0,-0.6518911374900647,0.0
1900-01-01 12:29:20,2304.0,35.1,55.96,3.0,2.0,12224.0,35.1,0.0,0.8715999999999999
1900-01-01 09:09:06,633.6,32.5,0.0,2.0,0.0,210.0,32.766666666666666,-0.1333333333333328,0.2112
,,,,,,,30.0,0.49218464136730455,1.0
1900-01-01 09:07:15,633.6,35.9,0.0,2.0,0.0,99.0,36.16666666666666,-0.1333333333333328,0.2112
1900-01-01 09:05:49,633.6,40.9,0.0,2.0,0.0,13.0,41.1,-0.1000000000000014,0.2112
,,,,,,,40.0,-0.5888707097978181,0.0
,,,,,,,40.0,-0.6117461646927703,0.0
,,,,,,,30.0,0.5083685072118372,1.0
1900-01-01 09:07:59,633.6,34.9,0.0,2.0,0.0,143.0,34.9,0.0,0.2112
1900-01-01 12:28:50,1651.2,35.1,23.75,3.0,2.0,12194.0,35.1,0.0,0.7836
1900-01-01 12:24:16,0.0,0.0,0.0,2.0,1.0,11920.0,11.7,-11.700000000000005,0.0
,,,,,,,46.0,-0.891907984006857,0.0
,,,,,,,40.0,-0.6077680371010876,0.0
,,,,,,,33.0,-0.25066045899340994,0.0
,,,,,,,39.0,-0.5482985958240871,0.0
,,,,,,,30.0,0.5030264314547237,1.0
1900-01-01 12:31:17,633.6,35.6,2.02,3.0,2.0,12341.0,35.6,0.0,0.2314999999999999
,,,,,,,30.0,-0.09538121913764327,0.0
1900-01-01 12:23:48,3014.4,34.0,4.02,3.0,1.0,11892.0,34.0,0.0,1.0454
1900-01-01 12:29:15,960.0,35.1,36.17,3.0,2.0,12219.0,35.1,0.0,0.9096
,,,,,,,30.0,0.48743063001126974,1.0
1900-01-01 09:06:27,633.6,38.9,0.0,3.0,0.0,51.0,38.9,0.0,0.2112
1900-01-01 12:28:37,1651.2,35.1,67.57,2.0,2.0,12181.0,35.1,0.0,0.8773
1900-01-01 09:09:09,633.6,32.5,0.0,3.0,0.0,213.0,32.63333333333333,-0.1333333333333328,0.2112
,,,,,,,45.0,-0.8584697543215077,0.0
1900-01-01 09:07:04,633.6,36.9,0.0,2.0,0.0,88.0,36.9,0.0,0.2112
,,,,,,,39.0,-0.554249021963303,0.0
,,,,,,,34.0,-0.30885197768819567,0.0
,,,,,,,48.0,-0.9942755717548478,0.0
1900-01-01 12:33:30,633.6,34.9,2.03,2.0,2.0,12474.0,34.9,0.0,0.2314
1900-01-01 12:27:14,633.6,34.9,30.82,3.0,2.0,12098.0,34.9,-0.3333333333333286,0.4982
1900-01-01 12:25:49,2803.2,35.9,19.24,3.0,2.0,12013.0,35.9,0.0,0.4558
,,,,,,,30.0,0.4860871857495888,1.0
1900-01-01 12:24:14,0.0,0.0,0.0,2.0,1.0,11918.0,23.40000000000001,-11.699999999999996,1.0457
,,,,,,,49.0,-1.047474918658689,0.0
,,,,,,,39.0,-0.5655915504571124,0.0
1900-01-01 09:07:06,633.6,36.3,0.0,2.0,0.0,90.0,36.7,-0.2000000000000028,0.2112
,,,,,,,46.0,-0.89104456104898,0.0
1900-01-01 12:33:04,633.6,34.9,2.28,3.0,2.0,12448.0,34.9,0.0,0.2312
,,,,,,,49.0,-1.0569884989294789,0.0
1900-01-01 12:34:23,633.6,33.9,2.1,3.0,2.0,12527.0,33.9,0.0,0.2326
,,,,,,,45.0,-0.8466137682067184,0.0
,,,,,,,30.0,0.5150902670631141,1.0
,,,,,,,39.0,-0.5581825758747927,0.0
,,,,,,,48.0,-0.9742695522349665,0.0
,,,,,,,30.0,0.4974348380663593,1.0
1900-01-01 09:09:04,633.6,32.9,0.0,2.0,0.0,208.0,32.9,0.0,0.2112
1900-01-01 12:29:53,1651.2,35.1,54.59,3.0,2.0,12257.0,35.1,0.0,0.8808
1900-01-01 12:23:43,3014.4,34.0,4.15,3.0,1.0,11887.0,34.0,0.0,1.0457
1900-01-01 12:31:54,633.6,34.9,2.0,2.0,2.0,12378.0,35.36666666666667,-0.2333333333333342,0.2312
,,,,,,,38.0,-0.4796785504524931,0.0
,,,,,,,30.0,-0.1209230254611387,0.0
1900-01-01 09:07:36,633.6,35.9,0.0,2.0,0.0,120.0,35.9,0.0,0.2112
,,,,,,,49.0,-1.0528122291494026,0.0
,,,,,,,38.0,-0.5009293324526307,0.0
1900-01-01 09:09:20,633.6,32.5,0.0,2.0,0.0,224.0,32.5,0.0,0.2112
,,,,,,,46.0,-0.9109633321535241,0.0
,,,,,,,42.0,-0.6991792315483087,0.0
,,,,,,,31.0,-0.1440302417609541,0.0
,,,,,,,30.0,-0.09272983443473087,0.0
,,,,,,,40.0,-0.6037903959071695,0.0
,,,,,,,30.0,0.5158354183959232,1.0
,,,,,,,30.0,0.49752015727851995,1.0
,,,,,,,39.0,-0.5341916345904356,0.0
,,,,,,,30.0,0.47497435129916904,1.0
1900-01-01 12:33:53,633.6,34.9,2.05,3.0,2.0,12497.0,34.9,0.0,0.2314999999999999
1900-01-01 12:29:17,960.0,35.1,55.16,2.0,2.0,12221.0,35.1,0.0,0.6817
,,,,,,,34.0,-0.292721147738935,0.0
,,,,,,,36.0,-0.41088856480835356,0.0
1900-01-01 12:32:02,633.6,34.9,2.02,3.0,2.0,12386.0,34.9,0.0,0.2312
,,,,,,,48.0,-0.9881648297242108,0.0
,,,,,,,40.0,-0.6048571625062953,0.0
,,,,,,,43.0,-0.7486279948956651,0.0
1900-01-01 12:26:30,787.2,35.9,18.77,3.0,2.0,12054.0,35.9,0.0,0.3965
1900-01-01 09:07:08,633.6,36.3,0.0,2.0,0.0,92.0,36.49999999999999,-0.2000000000000028,0.2112
,,,,,,,36.0,-0.38542040563434,0.0
1900-01-01 09:09:25,633.6,31.9,0.0,2.0,0.0,229.0,32.300000000000004,-0.1999999999999957,0.2112
1900-01-01 12:23:45,3014.4,34.0,4.06,2.0,1.0,11889.0,34.0,0.0,1.0463000000000002
,,,,,,,43.0,-0.7531213696653583,0.0
,,,,,,,49.0,-1.0543990511227679,0.0
,,,,,,,36.0,-0.4006215814883298,0.0
1900-01-01 12:34:13,633.6,33.9,2.03,3.0,2.0,12517.0,33.9,0.0,0.2313
1900-01-01 12:32:25,633.6,34.9,2.02,2.0,2.0,12409.0,34.9,0.0,0.2311
1900-01-01 12:31:39,633.6,35.6,2.01,3.0,2.0,12363.0,35.6,0.0,0.2323
1900-01-01 12:33:17,633.6,34.9,2.05,3.0,2.0,12461.0,34.9,0.0,0.2314
1900-01-01 09:09:36,633.6,31.9,0.0,2.0,0.0,240.0,31.9,0.0,0.2112
,,,,,,,39.0,-0.5481215969577995,0.0
1900-01-01 12:31:29,633.6,35.6,1.99,2.0,2.0,12353.0,35.6,0.0,0.2311
,,,,,,,33.0,-0.23612088410317217,0.0
,,,,,,,33.0,-0.2589491782451243,0.0
,,,,,,,32.0,-0.20697451155511912,0.0
1900-01-01 12:26:27,633.6,35.9,18.53,3.0,2.0,12051.0,35.9,0.0,0.401
,,,,,,,39.0,-0.560914117780108,0.0
,,,,,,,44.0,-0.8016497931108195,0.0
1900-01-01 09:07:55,633.6,34.9,0.0,3.0,0.0,139.0,34.9,0.0,0.2112
1900-01-01 12:23:10,3014.4,33.4,3.93,3.0,1.0,11854.0,33.4,0.0,1.0458
,,,,,,,44.0,-0.8143066126672371,0.0
,,,,,,,37.0,-0.45774258307379784,0.0
1900-01-01 09:08:27,633.6,33.9,0.0,2.0,0.0,171.0,33.9,0.0,0.2112
,,,,,,,40.0,-0.6019722713687943,0.0
,,,,,,,33.0,-0.24315271406484934,0.0
,,,,,,,42.0,-0.6997763314958215,0.0
,,,,,,,47.0,-0.934455206183465,0.0
1900-01-01 12:29:45,1651.2,35.1,33.72,3.0,2.0,12249.0,35.1,0.0,1.0382
1900-01-01 09:09:39,633.6,31.9,0.0,3.0,0.0,243.0,31.9,0.0,0.2112
1900-01-01 12:29:47,1651.2,35.1,36.43,2.0,2.0,12251.0,35.1,0.0,0.8876
1900-01-01 12:32:04,633.6,34.9,2.41,2.0,2.0,12388.0,34.9,0.0,0.2314
1900-01-01 12:34:05,633.6,33.9,2.04,2.0,2.0,12509.0,33.9,0.0,0.2308
1900-01-01 12:29:39,960.0,35.1,53.64,2.0,2.0,12243.0,35.1,0.0,0.8835999999999999
1900-01-01 12:34:20,633.6,33.9,2.14,2.0,2.0,12524.0,33.9,0.0,0.2311
,,,,,,,31.0,-0.14182641644354838,0.0
1900-01-01 09:08:45,633.6,32.9,0.0,2.0,0.0,189.0,33.56666666666666,-0.3333333333333357,0.2112
1900-01-01 12:26:55,633.6,35.9,32.58,3.0,2.0,12079.0,35.9,0.0,0.9909
,,,,,,,30.0,0.4969231971999257,1.0
,,,,,,,40.0,-0.6207323665992622,0.0
1900-01-01 09:07:38,633.6,35.9,0.0,2.0,0.0,122.0,35.9,0.0,0.2112
,,,,,,,30.0,-0.09458017090565912,0.0
1900-01-01 12:26:57,633.6,35.9,31.71,2.0,2.0,12081.0,35.9,0.0,0.5369999999999999
1900-01-01 12:25:58,960.0,35.9,19.41,3.0,2.0,12022.0,35.9,0.0,0.5146999999999999
1900-01-01 09:09:34,633.6,31.9,0.0,2.0,0.0,238.0,31.9,0.0,0.2112
,,,,,,,46.0,-0.9047329335717569,0.0
1900-01-01 12:23:31,3014.4,33.4,4.17,2.0,1.0,11875.0,33.4,0.0,1.05
,,,,,,,32.0,-0.208401807184451,0.0
,,,,,,,40.0,-0.5856113890073448,0.0
,,,,,,,33.0,-0.2647788302119302,0.0
,,,,,,,46.0,-0.909116679293555,0.0
,,,,,,,39.0,-0.5369636792747787,0.0
1900-01-01 09:09:23,633.6,32.5,0.0,3.0,0.0,227.0,32.5,0.0,0.2112
1900-01-01 09:06:57,633.6,36.9,0.0,2.0,0.0,81.0,36.9,-0.3333333333333286,0.2112
1900-01-01 09:09:46,633.6,31.9,0.0,3.0,0.0,250.0,31.9,0.0,0.2112
,,,,,,,36.0,-0.41786828414174154,0.0
,,,,,,,31.0,-0.16383791119783492,0.0
,,,,,,,30.0,0.5063851705765847,1.0
,,,,,,,39.0,-0.5504507799922971,0.0
,,,,,,,45.0,-0.8465185009931383,0.0
1900-01-01 12:30:17,633.6,35.5,1.53,3.0,2.0,12281.0,35.5,0.1333333333333328,0.8316
,,,,,,,42.0,-0.6998577885287276,0.0
,,,,,,,46.0,-0.9103820088284877,0.0
,,,,,,,47.0,-0.9429411874999861,0.0
1900-01-01 12:31:19,633.6,35.6,2.03,2.0,2.0,12343.0,35.6,0.0,0.2314
1900-01-01 12:30:59,633.6,35.6,1.96,2.0,2.0,12323.0,35.6,0.0,0.2316
1900-01-01 12:32:46,633.6,34.9,1.97,3.0,2.0,12430.0,34.9,0.0,0.2304
,,,,,,,44.0,-0.7871972958948262,0.0
1900-01-01 12:32:12,633.6,34.9,2.04,2.0,2.0,12396.0,34.9,0.0,0.2314999999999999
1900-01-01 12:28:26,1651.2,35.1,26.3,2.0,2.0,12170.0,35.1,0.0,0.6727
,,,,,,,44.0,-0.8079949022924,0.0
,,,,,,,34.0,-0.3097967764415761,0.0
1900-01-01 12:23:24,3014.4,33.4,5.4,2.0,1.0,11868.0,33.4,0.0,1.0123
,,,,,,,34.0,-0.30328599394752226,0.0
,,,,,,,37.0,-0.44390977288114425,0.0
,,,,,,,46.0,-0.904519187009955,0.0
1900-01-01 12:33:14,633.6,34.9,2.02,2.0,2.0,12458.0,34.9,0.0,0.2314
1900-01-01 12:31:36,633.6,35.6,2.11,2.0,2.0,12360.0,35.6,0.0,0.2319999999999999
,,,,,,,30.0,0.5187415800419962,1.0
,,,,,,,35.0,-0.3632478290208042,0.0
,,,,,,,47.0,-0.9522914379193554,0.0
,,,,,,,32.0,-0.19975035259970847,0.0
1900-01-01 09:06:06,633.6,39.9,0.0,3.0,0.0,30.0,40.56666666666666,-0.3333333333333357,0.2112
1900-01-01 12:23:50,3014.4,34.0,4.04,2.0,1.0,11894.0,34.0,0.0,1.0450000000000002
1900-01-01 12:26:00,960.0,35.9,19.02,2.0,2.0,12024.0,35.9,0.0,0.5141
,,,,,,,35.0,-0.3449695807969262,0.0
,,,,,,,32.0,-0.21260694938645586,0.0
1900-01-01 12:34:03,633.6,33.9,1.96,3.0,2.0,12507.0,33.9,-0.3333333333333286,0.2326
,,,,,,,30.0,0.5166624876985987,1.0
,,,,,,,34.0,-0.3019139884945944,0.0
1900-01-01 09:08:50,633.6,32.9,0.0,2.0,0.0,194.0,32.9,-0.3333333333333286,0.2112
1900-01-01 12:31:34,633.6,35.6,2.08,2.0,2.0,12358.0,35.6,0.0,0.2314
1900-01-01 12:28:32,960.0,35.1,27.73,3.0,2.0,12176.0,35.1,0.0,0.7693
1900-01-01 12:31:09,633.6,35.6,2.04,3.0,2.0,12333.0,35.6,0.0,0.2313
1900-01-01 12:26:19,633.6,35.9,17.99,3.0,2.0,12043.0,35.9,0.0,0.9298
,,,,,,,43.0,-0.7498779106070379,0.0
,,,,,,,41.0,-0.646044962860102,0.0
,,,,,,,38.0,-0.5057504154861305,0.0
,,,,,,,44.0,-0.7880950225059141,0.0
1900-01-01 12:25:40,2918.4,35.9,24.55,2.0,2.0,12004.0,35.9,0.0,1.2271
1900-01-01 12:29:34,960.0,35.1,57.55,3.0,2.0,12238.0,35.1,0.0,0.8807
1900-01-01 12:27:57,960.0,35.0,55.86,2.0,2.0,12141.0,35.0,0.0,0.8813
,,,,,,,31.0,-0.15173106667275696,0.0
,,,,,,,40.0,-0.6069482745538252,0.0
,,,,,,,30.0,-0.09496760251518471,0.0
1900-01-01 09:08:25,633.6,33.9,0.0,3.0,0.0,169.0,33.9,0.0,0.2112
,,,,,,,30.0,-0.07927385261522614,0.0
,,,,,,,44.0,-0.8007762013055563,0.0
,,,,,,,47.0,-0.9415860764389664,0.0
1900-01-01 12:28:24,1651.2,35.1,12.23,3.0,2.0,12168.0,35.1,0.0,0.5888
,,,,,,,33.0,-0.2297038523404457,0.0
,,,,,,,45.0,-0.857571932643014,0.0
1900-01-01 12:29:31,960.0,35.1,56.07,3.0,2.0,12235.0,35.1,0.0,0.859
,,,,,,,42.0,-0.6939286473505095,0.0
,,,,,,,48.0,-1.0107216378283193,0.0
,,,,,,,30.0,0.4990951570151508,1.0
,,,,,,,44.0,-0.8223266241668273,0.0
1900-01-01 12:33:50,633.6,34.9,2.03,2.0,2.0,12494.0,34.9,0.0,0.2319999999999999
1900-01-01 09:08:59,633.6,32.9,0.0,2.0,0.0,203.0,32.9,0.0,0.2112
1900-01-01 12:26:38,633.6,35.9,19.06,3.0,2.0,12062.0,35.9,0.0,1.0143
1900-01-01 12:32:51,633.6,34.9,2.03,3.0,2.0,12435.0,34.9,0.0,0.2324
,,,,,,,46.0,-0.9030547274415429,0.0
1900-01-01 12:27:00,633.6,35.9,36.14,3.0,2.0,12084.0,35.9,0.0,0.5283
,,,,,,,30.0,0.49248055160650184,1.0
,,,,,,,36.0,-0.4074558945727243,0.0
1900-01-01 12:26:41,633.6,35.9,19.85,3.0,2.0,12065.0,35.9,0.0,0.4018
,,,,,,,35.0,-0.33391928517520914,0.0
,,,,,,,34.0,-0.31653524953866635,0.0
,,,,,,,30.0,0.5156698439788707,1.0
,,,,,,,47.0,-0.9597311287476147,0.0
,,,,,,,30.0,0.4956936662818613,1.0
1900-01-01 12:31:44,633.6,35.6,1.99,2.0,2.0,12368.0,35.6,0.0,0.2316
1900-01-01 12:27:19,633.6,34.9,24.35,2.0,2.0,12103.0,34.9,0.0,1.1456
1900-01-01 12:33:58,633.6,33.9,2.03,3.0,2.0,12502.0,34.56666666666666,-0.3333333333333357,0.2316
,,,,,,,32.0,-0.21853497305178837,0.0
,,,,,,,30.0,0.5012850584467428,1.0
,,,,,,,46.0,-0.8800898647545686,0.0
1900-01-01 12:29:01,1651.2,35.1,32.33,3.0,2.0,12205.0,35.1,0.0,0.5858
1900-01-01 09:09:16,633.6,32.5,0.0,3.0,0.0,220.0,32.5,0.0,0.2112
1900-01-01 12:30:27,633.6,35.6,2.64,3.0,2.0,12291.0,35.6,0.0333333333333385,0.2319
,,,,,,,31.0,-0.142865321187947,0.0
,,,,,,,49.0,-1.0499373870903728,0.0
,,,,,,,41.0,-0.671450440438664,0.0
,,,,,,,35.0,-0.3487418070885698,0.0
,,,,,,,30.0,0.5083926686414181,1.0
1900-01-01 12:31:14,633.6,35.6,2.03,3.0,2.0,12338.0,35.6,0.0,0.2319
1900-01-01 12:30:02,2803.2,35.1,4.07,2.0,2.0,12266.0,35.1,0.0,1.0448000000000002
,,,,,,,30.0,0.5130436787009236,1.0
1900-01-01 09:08:06,633.6,34.2,0.0,2.0,0.0,150.0,34.666666666666664,-0.2333333333333342,0.2112
,,,,,,,33.0,-0.2594173241920961,0.0
1900-01-01 12:30:32,633.6,35.6,1.99,3.0,2.0,12296.0,35.6,0.0,0.2314999999999999
,,,,,,,48.0,-0.9985362548416714,0.0
1900-01-01 09:09:29,633.6,31.9,0.0,2.0,0.0,233.0,31.9,-0.2000000000000028,0.2112
1900-01-01 12:27:24,2918.4,34.9,25.99,5.0,2.0,12108.0,34.9,0.0,0.4547
,,,,,,,30.0,0.4706665016115496,1.0
,,,,,,,30.0,0.4904050874845667,1.0
1900-01-01 12:28:45,1651.2,35.1,55.74,3.0,2.0,12189.0,35.1,0.0,1.2351
,,,,,,,38.0,-0.496382706636193,0.0
1900-01-01 12:25:43,2803.2,35.9,18.73,3.0,2.0,12007.0,35.9,0.0,1.2183
1900-01-01 12:23:22,2918.4,33.4,3.95,3.0,1.0,11866.0,33.4,0.0,1.0456
1900-01-01 12:26:21,633.6,35.9,18.6,2.0,2.0,12045.0,35.9,0.0,0.3911
1900-01-01 12:33:40,633.6,34.9,2.04,2.0,2.0,12484.0,34.9,0.0,0.2314999999999999
,,,,,,,45.0,-0.8608589410697198,0.0
,,,,,,,36.0,-0.3886626405354999,0.0
1900-01-01 12:33:38,633.6,34.9,2.03,3.0,2.0,12482.0,34.9,0.0,0.2314
,,,,,,,37.0,-0.45484115495406346,0.0
,,,,,,,31.0,-0.15280788274749202,0.0
,,,,,,,45.0,-0.8632664171748597,0.0
,,,,,,,41.0,-0.6412299104156262,0.0
,,,,,,,32.0,-0.21225026355020268,0.0
1900-01-01 12:27:52,960.0,35.0,0.0,2.0,2.0,12136.0,34.96666666666667,0.0333333333333385,0.2112
1900-01-01 09:05:45,633.6,41.2,0.0,3.0,0.0,9.0,41.2,0.0,0.2112
1900-01-01 12:33:01,633.6,34.9,2.0,2.0,2.0,12445.0,34.9,0.0,0.2312
,,,,,,,37.0,-0.43672180368894387,0.0
,,,,,,,45.0,-0.8423556977491602,0.0
,,,,,,,32.0,-0.20504099329415512,0.0
1900-01-01 12:27:27,2918.4,34.9,21.37,3.0,2.0,12111.0,34.9,0.0,1.2327
,,,,,,,30.0,-0.09976143285024124,0.0
1900-01-01 09:08:55,633.6,32.9,0.0,3.0,0.0,199.0,32.9,0.0,0.2112
,,,,,,,37.0,-0.44346409790980273,0.0
,,,,,,,39.0,-0.5422898856151681,0.0
,,,,,,,34.0,-0.3096509615303348,0.0
,,,,,,,45.0,-0.8636282312197303,0.0
,,,,,,,30.0,-0.08609950018740269,0.0
,,,,,,,30.0,-0.08765348199828324,0.0
,,,,,,,37.0,-0.43955869739161385,0.0
1900-01-01 12:28:29,1459.2,35.1,28.29,3.0,2.0,12173.0,35.1,0.0,0.8134
1900-01-01 12:28:10,2668.8,35.1,0.0,2.0,2.0,12154.0,35.1,0.0,0.9344
,,,,,,,30.0,0.5088230537453375,1.0
,,,,,,,43.0,-0.755004801454033,0.0
1900-01-01 12:31:52,633.6,35.6,2.0,3.0,2.0,12376.0,35.6,0.0,0.2296
,,,,,,,42.0,-0.702103875324437,0.0
,,,,,,,47.0,-0.9643515532028123,0.0
1900-01-01 12:28:02,2918.4,35.1,23.5,2.0,2.0,12146.0,35.06666666666666,0.0333333333333314,1.2078
1900-01-01 12:26:03,633.6,35.9,19.41,3.0,2.0,12027.0,35.9,0.0,0.5102
1900-01-01 09:05:42,633.6,41.2,0.0,6.0,0.0,6.0,41.2,0.0,0.3308999999999999
,,,,,,,39.0,-0.5498311893176437,0.0
,,,,,,,30.0,-0.10855698093688886,0.0
1900-01-01 12:24:02,3014.4,34.0,4.06,2.0,1.0,11906.0,34.0,0.0,1.0453
1900-01-01 12:23:12,3014.4,33.4,3.98,2.0,1.0,11856.0,33.4,0.0,1.0441000000000005
,,,,,,,41.0,-0.6483918696924071,0.0
1900-01-01 12:32:59,633.6,34.9,2.0,3.0,2.0,12443.0,34.9,0.0,0.2322
,,,,,,,48.0,-1.0038980553944594,0.0
,,,,,,,42.0,-0.6969154820224795,0.0
1900-01-01 12:23:57,3014.4,34.0,4.55,2.0,1.0,11901.0,34.0,0.0,1.046
,,,,,,,30.0,0.49675400808049586,1.0
1900-01-01 12:27:47,633.6,34.9,35.18,2.0,2.0,12131.0,34.9,0.0,0.6718
,,,,,,,47.0,-0.9420086001885721,0.0
,,,,,,,48.0,-1.0082568184711347,0.0
,,,,,,,37.0,-0.44879585153339374,0.0
,,,,,,,42.0,-0.6983382476808795,0.0
,,,,,,,43.0,-0.7517815838743503,0.0
,,,,,,,46.0,-0.9122297072392214,0.0
1900-01-01 09:05:54,633.6,40.9,0.0,2.0,0.0,18.0,40.9,-0.1000000000000014,0.2112
1900-01-01 12:28:18,1900.8,35.1,0.0,2.0,2.0,12162.0,35.1,0.0,0.7534
1900-01-01 12:32:54,633.6,34.9,2.02,3.0,2.0,12438.0,34.9,0.0,0.2314999999999999
1900-01-01 12:23:40,3014.4,34.0,4.09,2.0,1.0,11884.0,34.0,0.0,1.0453
1900-01-01 12:27:06,633.6,35.9,35.53,3.0,2.0,12090.0,35.9,0.0,0.5664
,,,,,,,33.0,-0.2701016458914846,0.0
,,,,,,,43.0,-0.7460559512944163,0.0
,,,,,,,33.0,-0.25630562077754515,0.0
1900-01-01 12:23:38,3014.4,34.0,4.05,2.0,1.0,11882.0,34.0,0.1999999999999957,1.0450000000000002
,,,,,,,33.0,-0.24341995382405532,0.0
1900-01-01 12:23:05,3014.4,33.4,3.95,2.0,1.0,11849.0,33.4,0.0,1.0702
,,,,,,,30.0,0.5406919860175384,1.0
,,,,,,,30.0,0.5060878656241694,1.0
,,,,,,,33.0,-0.2621329097249546,0.0
1900-01-01 09:08:11,633.6,33.9,0.0,3.0,0.0,155.0,34.1,-0.3333333333333286,0.2112
,,,,,,,40.0,-0.5974182404974638,0.0
1900-01-01 09:07:57,633.6,34.9,0.0,2.0,0.0,141.0,34.9,0.0,0.2112
1900-01-01 09:07:41,633.6,34.9,0.0,3.0,0.0,125.0,35.56666666666666,-0.3333333333333357,0.2112
1900-01-01 12:32:35,633.6,34.9,2.04,2.0,2.0,12419.0,34.9,0.0,0.2313
,,,,,,,32.0,-0.18372137428307833,0.0
,,,,,,,37.0,-0.4264279885892163,0.0
1900-01-01 12:29:09,960.0,35.1,34.45,2.0,2.0,12213.0,35.1,0.0,0.873
1900-01-01 12:28:13,960.0,35.1,0.0,3.0,2.0,12157.0,35.1,0.0,0.8896000000000001
1900-01-01 12:31:24,633.6,35.6,2.11,2.0,2.0,12348.0,35.6,0.0,0.2314
1900-01-01 09:06:55,633.6,36.9,0.0,3.0,0.0,79.0,37.23333333333333,-0.3333333333333357,0.2112
,,,,,,,33.0,-0.25355831436416126,0.0
1900-01-01 12:34:15,633.6,33.9,2.04,2.0,2.0,12519.0,33.9,0.0,0.2314999999999999
,,,,,,,46.0,-0.9092820017943032,0.0
,,,,,,,47.0,-0.9376506721909047,0.0
1900-01-01 12:28:00,2918.4,35.1,23.5,3.0,2.0,12144.0,35.03333333333333,0.0333333333333314,0.8786
,,,,,,,34.0,-0.2888177380909799,0.0
1900-01-01 12:34:00,633.6,33.9,2.14,2.0,2.0,12504.0,34.23333333333333,-0.3333333333333357,0.2314999999999999
,,,,,,,35.0,-0.3463613073139048,0.0
,,,,,,,30.0,0.4841028831082363,1.0
1900-01-01 12:30:57,633.6,35.6,2.04,3.0,2.0,12321.0,35.6,0.0,0.2314999999999999
1900-01-01 12:27:45,960.0,34.9,35.18,3.0,2.0,12129.0,34.9,0.0,1.0356
,,,,,,,38.0,-0.49640099112635494,0.0
1900-01-01 09:08:04,633.6,34.9,0.0,2.0,0.0,148.0,34.9,0.0,0.2112
,,,,,,,40.0,-0.5847652562491984,0.0
1900-01-01 12:27:39,2668.8,34.9,2.68,2.0,2.0,12123.0,34.9,0.0,0.2359
,,,,,,,30.0,0.48748017978000246,1.0
,,,,,,,30.0,0.5113498335384873,1.0
1900-01-01 12:32:10,633.6,34.9,2.03,3.0,2.0,12394.0,34.9,0.0,0.2314
1900-01-01 12:30:49,633.6,35.6,2.04,3.0,2.0,12313.0,35.6,0.0,0.2312
,,,,,,,45.0,-0.8482848749292446,0.0
,,,,,,,47.0,-0.9455604599020866,0.0
,,,,,,,34.0,-0.3066078885124065,0.0
1900-01-01 09:08:15,633.6,33.9,0.0,2.0,0.0,159.0,33.9,-0.1000000000000014,0.2112
1900-01-01 12:32:43,633.6,34.9,1.92,3.0,2.0,12427.0,34.9,0.0,0.2324999999999999
,,,,,,,39.0,-0.5464689153197667,0.0
,,,,,,,47.0,-0.9484024455104016,0.0
,,,,,,,34.0,-0.308922823497952,0.0
,,,,,,,41.0,-0.661066079113257,0.0
1900-01-01 12:31:27,633.6,35.6,1.99,3.0,2.0,12351.0,35.6,0.0,0.2323
,,,,,,,39.0,-0.5504729899964581,0.0
1900-01-01 12:25:46,787.2,35.9,19.34,3.0,2.0,12010.0,35.9,0.0,1.1217
,,,,,,,31.0,-0.14686697440188265,0.0
1900-01-01 12:27:34,2803.2,34.9,0.0,2.0,2.0,12118.0,34.9,0.0,0.9739
1900-01-01 12:27:32,2803.2,34.9,3.95,2.0,2.0,12116.0,34.9,0.0,0.2959
,,,,,,,38.0,-0.4949780040260826,0.0
1900-01-01 12:26:11,633.6,35.9,15.52,3.0,2.0,12035.0,35.9,0.0,1.1302
,,,,,,,41.0,-0.635782527200943,0.0
1900-01-01 12:33:43,633.6,34.9,2.09,3.0,2.0,12487.0,34.9,0.0,0.2316
,,,,,,,38.0,-0.49937030798814586,0.0
,,,,,,,30.0,-0.09579637135919784,0.0
1900-01-01 12:31:59,633.6,34.9,2.0,2.0,2.0,12383.0,34.9,-0.2333333333333342,0.2323
,,,,,,,30.0,0.5295107847607349,1.0
,,,,,,,30.0,0.5138263180593841,1.0
,,,,,,,30.0,0.5073707547428251,1.0
1900-01-01 12:26:06,787.2,35.9,19.61,3.0,2.0,12030.0,35.9,0.0,0.4053
,,,,,,,30.0,0.49233207797889716,1.0
,,,,,,,36.0,-0.4046306088141255,0.0
,,,,,,,32.0,-0.20248258669438585,0.0
,,,,,,,31.0,-0.13383692424997853,0.0
1900-01-01 09:06:36,633.6,37.9,0.0,2.0,0.0,60.0,38.23333333333333,-0.3333333333333357,0.2112
,,,,,,,44.0,-0.8247695289534942,0.0
1900-01-01 09:06:43,633.6,37.9,0.0,2.0,0.0,67.0,37.9,0.0,0.2112
1900-01-01 12:32:17,633.6,34.9,2.05,2.0,2.0,12401.0,34.9,0.0,0.2314
1900-01-01 12:29:28,960.0,35.1,53.9,3.0,2.0,12232.0,35.1,0.0,0.869
1900-01-01 12:22:53,1900.8,33.4,13.86,2.0,1.0,11837.0,33.4,0.0,0.2812
,,,,,,,35.0,-0.33693313903942257,0.0
1900-01-01 09:09:32,633.6,31.9,0.0,3.0,0.0,236.0,31.9,0.0,0.2112
,,,,,,,30.0,0.5110427823197647,1.0
1900-01-01 12:34:10,633.6,33.9,2.01,2.0,2.0,12514.0,33.9,0.0,0.2309999999999999
,,,,,,,47.0,-0.9543214093893536,0.0
,,,,,,,37.0,-0.4408661892543286,0.0
1900-01-01 09:08:43,633.6,33.9,0.0,2.0,0.0,187.0,33.9,0.0,0.2112
,,,,,,,30.0,0.4747912856131187,1.0
,,,,,,,30.0,0.4781948138094714,1.0
,,,,,,,49.0,-1.0411292865695112,0.0
,,,,,,,36.0,-0.3937942256197494,0.0
,,,,,,,47.0,-0.9447105247053056,0.0
,,,,,,,49.0,-1.04549182983169,0.0
1900-01-01 09:06:24,633.6,38.9,0.0,2.0,0.0,48.0,38.9,-0.2000000000000028,0.2112
,,,,,,,33.0,-0.25286218933653754,0.0
,,,,,,,38.0,-0.5128371546156669,0.0
,,,,,,,38.0,-0.5021089958281189,0.0
1900-01-01 12:26:16,2304.0,35.9,16.18,3.0,2.0,12040.0,35.9,0.0,0.4043
,,,,,,,39.0,-0.5537522896711384,0.0
1900-01-01 09:08:02,633.6,34.9,0.0,3.0,0.0,146.0,34.9,0.0,0.2112
,,,,,,,30.0,0.4611738522855135,1.0
1900-01-01 12:34:08,633.6,33.9,1.98,3.0,2.0,12512.0,33.9,0.0,0.2316
,,,,,,,47.0,-0.959050112591071,0.0
1900-01-01 12:26:08,2803.2,35.9,19.58,2.0,2.0,12032.0,35.9,0.0,0.4585
1900-01-01 09:06:48,633.6,37.9,0.0,3.0,0.0,72.0,37.9,0.0,0.2112
,,,,,,,30.0,0.508596480846025,1.0
1900-01-01 12:33:25,633.6,34.9,1.95,3.0,2.0,12469.0,34.9,0.0,0.2317
1900-01-01 12:29:37,960.0,35.1,56.36,3.0,2.0,12241.0,35.1,0.0,0.8955
,,,,,,,31.0,-0.14694496725274114,0.0
,,,,,,,30.0,0.5145882517542966,1.0
1900-01-01 12:27:30,633.6,34.9,8.47,3.0,2.0,12114.0,34.9,0.0,1.1865
,,,,,,,30.0,0.4927316717977901,1.0
,,,,,,,44.0,-0.7960882503635329,0.0
,,,,,,,31.0,-0.1613274161081164,0.0
,,,,,,,30.0,0.45023824935060275,1.0
1900-01-01 12:28:56,1651.2,35.1,21.45,3.0,2.0,12200.0,35.1,0.0,0.7599
1900-01-01 09:07:52,633.6,34.9,0.0,2.0,0.0,136.0,34.9,0.0,0.2112
,,,,,,,39.0,-0.5357418645341853,0.0
1900-01-01 12:29:25,960.0,35.1,54.9,3.0,2.0,12229.0,35.1,0.0,1.3725999999999998
1900-01-01 12:32:40,633.6,34.9,2.13,2.0,2.0,12424.0,34.9,0.0,0.2314
,,,,,,,49.0,-1.061037706869257,0.0
,,,,,,,31.0,-0.14623095036895203,0.0
,,,,,,,45.0,-0.8523614250323017,0.0
,,,,,,,42.0,-0.7063115118583965,0.0
,,,,,,,43.0,-0.7618772442249321,0.0
1900-01-01 12:23:19,3014.4,33.4,4.08,2.0,1.0,11863.0,33.4,0.0,1.0438
,,,,,,,47.0,-0.9562585259565722,0.0
,,,,,,,44.0,-0.7990131360680075,0.0
,,,,,,,33.0,-0.25915575839430316,0.0
,,,,,,,30.0,0.4916305771927699,1.0
,,,,,,,30.0,-0.1117689250317729,0.0
,,,,,,,30.0,0.5178984097334596,1.0
,,,,,,,38.0,-0.49521905546494066,0.0
,,,,,,,43.0,-0.7542574106331975,0.0
1900-01-01 09:09:43,633.6,31.9,0.0,2.0,0.0,247.0,31.9,0.0,0.2112
1900-01-01 09:08:13,633.6,33.9,0.0,2.0,0.0,157.0,34.0,-0.1000000000000014,0.2112
,,,,,,,30.0,0.4983150329557791,1.0
1900-01-01 09:09:48,633.6,31.9,0.0,2.0,0.0,252.0,31.9,0.0,0.2112
,,,,,,,30.0,0.507221661813107,1.0
,,,,,,,30.0,0.4987333927118471,1.0
,,,,,,,48.0,-1.0052600143016668,0.0
,,,,,,,35.0,-0.36225409992869423,0.0
,,,,,,,36.0,-0.39150147304123,0.0
1900-01-01 09:07:11,633.6,36.3,0.0,3.0,0.0,95.0,36.3,-0.1999999999999957,0.2112
1900-01-01 09:09:13,633.6,32.5,0.0,2.0,0.0,217.0,32.5,0.0,0.2112
1900-01-01 09:06:20,633.6,38.9,0.0,3.0,0.0,44.0,39.3,-0.1999999999999957,0.2112
1900-01-01 12:33:46,633.6,34.9,2.03,3.0,2.0,12490.0,34.9,0.0,0.2321
,,,,,,,46.0,-0.8814086560573413,0.0
,,,,,,,48.0,-1.0004388175889196,0.0
,,,,,,,31.0,-0.1523111532384633,0.0
,,,,,,,30.0,-0.1002712438866498,0.0
,,,,,,,45.0,-0.8578903396721751,0.0
,,,,,,,30.0,0.5218251280515915,1.0
,,,,,,,46.0,-0.8973301678559455,0.0
1900-01-01 09:08:08,633.6,34.2,0.0,2.0,0.0,152.0,34.43333333333333,-0.2333333333333342,0.2112
,,,,,,,40.0,-0.6044383129519665,0.0
,,,,,,,37.0,-0.4524950627395289,0.0
1900-01-01 12:24:09,3014.4,35.1,4.06,2.0,1.0,11913.0,35.1,0.3666666666666742,1.0467000000000002
,,,,,,,30.0,0.5019489528654889,1.0
,,,,,,,30.0,0.49100800305902537,1.0
1900-01-01 12:23:26,3014.4,33.4,3.98,2.0,1.0,11870.0,33.4,0.0,1.0588000000000002
,,,,,,,38.0,-0.5024462852742643,0.0
,,,,,,,32.0,-0.18952199120147115,0.0
,,,,,,,42.0,-0.6937805953525696,0.0
1900-01-01 12:24:18,0.0,0.0,0.0,2.0,1.0,11922.0,0.0,-11.7,0.0
,,,,,,,30.0,0.4970284938105578,1.0
1900-01-01 09:07:13,633.6,36.3,0.0,2.0,0.0,97.0,36.3,0.0,0.2112
1900-01-01 09:07:27,633.6,35.9,0.0,2.0,0.0,111.0,35.9,0.0,0.2112
1900-01-01 12:23:53,3014.4,34.0,4.07,3.0,1.0,11897.0,34.0,0.0,1.0452
1900-01-01 12:30:40,633.6,35.6,2.1,3.0,2.0,12304.0,35.6,0.0,0.2324999999999999
1900-01-01 12:26:35,2457.6,35.9,19.51,3.0,2.0,12059.0,35.9,0.0,0.4
1900-01-01 12:22:58,2918.4,33.4,53.09,2.0,1.0,11842.0,33.4,0.0,0.2825
,,,,,,,35.0,-0.3628848631096982,0.0
,,,,,,,49.0,-1.0549506610555304,0.0
1900-01-01 12:33:55,633.6,34.9,2.04,2.0,2.0,12499.0,34.9,0.0,0.2317
,,,,,,,48.0,-0.9967430054285273,0.0
,,,,,,,49.0,-1.0530994861249514,0.0
,,,,,,,37.0,-0.44821381717404524,0.0
1900-01-01 09:06:22,633.6,38.9,0.0,2.0,0.0,46.0,39.1,-0.2000000000000028,0.2112
1900-01-01 12:31:49,633.6,35.6,1.84,2.0,2.0,12373.0,35.6,0.0,0.2316
1900-01-01 12:24:12,3014.4,35.1,4.09,3.0,1.0,11916.0,35.1,0.0,1.0454
,,,,,,,30.0,0.49405174404033675,1.0
1900-01-01 09:05:56,633.6,40.9,0.0,2.0,0.0,20.0,40.9,0.0,0.2112
1900-01-01 09:09:18,633.6,32.5,0.0,2.0,0.0,222.0,32.5,0.0,0.2112
,,,,,,,30.0,0.4746429323243638,1.0
1900-01-01 12:31:32,633.6,35.6,2.02,3.0,2.0,12356.0,35.6,0.0,0.2311
1900-01-01 12:22:51,633.6,33.4,7.0,13.0,1.0,11835.0,33.4,0.0,0.3403
,,,,,,,45.0,-0.8555073659385615,0.0
1900-01-01 12:23:33,3014.4,34.0,3.95,2.0,1.0,11877.0,33.599999999999994,0.1999999999999957,1.0465000000000002
,,,,,,,30.0,0.502925845540572,1.0
1900-01-01 12:25:35,2918.4,35.9,12.19,2.0,2.0,11999.0,35.9,0.0,1.0638
,,,,,,,32.0,-0.21089033982236352,0.0
,,,,,,,49.0,-1.0572208648345514,0.0
,,,,,,,46.0,-0.9038340081796428,0.0
1900-01-01 12:29:22,2457.6,35.1,55.34,2.0,2.0,12226.0,35.1,0.0,1.3276
1900-01-01 12:25:33,2918.4,35.9,9.1,3.0,2.0,11997.0,35.9,0.0,1.0719
,,,,,,,40.0,-0.5979134246949471,0.0
,,,,,,,30.0,-0.09974909012287766,0.0
1900-01-01 12:32:07,633.6,34.9,2.02,3.0,2.0,12391.0,34.9,0.0,0.2353
,,,,,,,47.0,-0.9622654910047737,0.0
1900-01-01 09:06:31,633.6,38.9,0.0,2.0,0.0,55.0,38.9,0.0,0.2112
1900-01-01 12:28:58,1094.4,35.1,22.1,2.0,2.0,12202.0,35.1,0.0,0.7649
,,,,,,,34.0,-0.3188460104162456,0.0
,,,,,,,44.0,-0.8212484955951449,0.0
